Show,Season,Episode
My Little Pony: Friendship Is Magic,Season 1,"Friendship is Magic, part 1"
My Little Pony: Friendship Is Magic,Season 1,"Friendship is Magic, part 2"
My Little Pony: Friendship Is Magic,Season 1,The Ticket Master
My Little Pony: Friendship Is Magic,Season 1,Applebuck Season
My Little Pony: Friendship Is Magic,Season 1,Griffon the Brush Off
My Little Pony: Friendship Is Magic,Season 1,Boast Busters
My Little Pony: Friendship Is Magic,Season 1,Dragonshy
My Little Pony: Friendship Is Magic,Season 1,Look Before You Sleep
My Little Pony: Friendship Is Magic,Season 1,Bridle Gossip
My Little Pony: Friendship Is Magic,Season 1,Swarm of the Century
My Little Pony: Friendship Is Magic,Season 1,Winter Wrap Up
My Little Pony: Friendship Is Magic,Season 1,Call of the Cutie
My Little Pony: Friendship Is Magic,Season 1,Fall Weather Friends
My Little Pony: Friendship Is Magic,Season 1,Suited For Success
My Little Pony: Friendship Is Magic,Season 1,Feeling Pinkie Keen
My Little Pony: Friendship Is Magic,Season 1,Sonic Rainboom
My Little Pony: Friendship Is Magic,Season 1,Stare Master
My Little Pony: Friendship Is Magic,Season 1,The Show Stoppers
My Little Pony: Friendship Is Magic,Season 1,A Dog and Pony Show
My Little Pony: Friendship Is Magic,Season 1,Green Isn't Your Color
My Little Pony: Friendship Is Magic,Season 1,Over a Barrel
My Little Pony: Friendship Is Magic,Season 1,A Bird in the Hoof
My Little Pony: Friendship Is Magic,Season 1,The Cutie Mark Chronicles
My Little Pony: Friendship Is Magic,Season 1,Owl's Well That Ends Well
My Little Pony: Friendship Is Magic,Season 1,Party of One
My Little Pony: Friendship Is Magic,Season 1,The Best Night Ever
My Little Pony: Friendship Is Magic,Season 2,The Return of Harmony Part 1
My Little Pony: Friendship Is Magic,Season 2,The Return of Harmony Part 2
My Little Pony: Friendship Is Magic,Season 2,Lesson Zero
My Little Pony: Friendship Is Magic,Season 2,Luna Eclipsed
My Little Pony: Friendship Is Magic,Season 2,Sisterhooves Social
My Little Pony: Friendship Is Magic,Season 2,The Cutie Pox
My Little Pony: Friendship Is Magic,Season 2,May the Best Pet Win!
My Little Pony: Friendship Is Magic,Season 2,The Mysterious Mare Do Well
My Little Pony: Friendship Is Magic,Season 2,Sweet and Elite
My Little Pony: Friendship Is Magic,Season 2,Secret of My Excess
My Little Pony: Friendship Is Magic,Season 2,Hearth's Warming Eve
My Little Pony: Friendship Is Magic,Season 2,Family Appreciation Day
My Little Pony: Friendship Is Magic,Season 2,Baby Cakes
My Little Pony: Friendship Is Magic,Season 2,The Last Roundup
My Little Pony: Friendship Is Magic,Season 2,The Super Speedy Cider Squeezy 6000
My Little Pony: Friendship Is Magic,Season 2,Read It and Weep
My Little Pony: Friendship Is Magic,Season 2,Hearts and Hooves Day
My Little Pony: Friendship Is Magic,Season 2,A Friend in Deed
My Little Pony: Friendship Is Magic,Season 2,Putting Your Hoof Down
My Little Pony: Friendship Is Magic,Season 2,It's About Time
My Little Pony: Friendship Is Magic,Season 2,Dragon Quest
My Little Pony: Friendship Is Magic,Season 2,Hurricane Fluttershy
My Little Pony: Friendship Is Magic,Season 2,Ponyville Confidential
My Little Pony: Friendship Is Magic,Season 2,MMMystery on the Friendship Express
My Little Pony: Friendship Is Magic,Season 2,A Canterlot Wedding - Part 1
My Little Pony: Friendship Is Magic,Season 2,A Canterlot Wedding - Part 2
My Little Pony: Friendship Is Magic,Season 3,The Crystal Empire - Part 1
My Little Pony: Friendship Is Magic,Season 3,The Crystal Empire - Part 2
My Little Pony: Friendship Is Magic,Season 3,Too Many Pinkie Pies
My Little Pony: Friendship Is Magic,Season 3,One Bad Apple
My Little Pony: Friendship Is Magic,Season 3,Magic Duel
My Little Pony: Friendship Is Magic,Season 3,Sleepless in Ponyville
My Little Pony: Friendship Is Magic,Season 3,Wonderbolts Academy
My Little Pony: Friendship Is Magic,Season 3,Apple Family Reunion
My Little Pony: Friendship Is Magic,Season 3,Spike at Your Service
My Little Pony: Friendship Is Magic,Season 3,Keep Calm and Flutter On
My Little Pony: Friendship Is Magic,Season 3,Just for Sidekicks
My Little Pony: Friendship Is Magic,Season 3,Games Ponies Play
My Little Pony: Friendship Is Magic,Season 3,Magical Mystery Cure
My Little Pony: Friendship Is Magic,Season 4,Princess Twilight Sparkle - Part 1
My Little Pony: Friendship Is Magic,Season 4,Princess Twilight Sparkle - Part 2
My Little Pony: Friendship Is Magic,Season 4,Castle Mane-ia
My Little Pony: Friendship Is Magic,Season 4,Daring Don't
My Little Pony: Friendship Is Magic,Season 4,Flight to the Finish
My Little Pony: Friendship Is Magic,Season 4,Power Ponies
My Little Pony: Friendship Is Magic,Season 4,Bats!
My Little Pony: Friendship Is Magic,Season 4,Rarity Takes Manehattan
My Little Pony: Friendship Is Magic,Season 4,Pinkie Apple Pie
My Little Pony: Friendship Is Magic,Season 4,Rainbow Falls
My Little Pony: Friendship Is Magic,Season 4,Three's A Crowd
My Little Pony: Friendship Is Magic,Season 4,Pinkie Pride
My Little Pony: Friendship Is Magic,Season 4,Simple Ways
My Little Pony: Friendship Is Magic,Season 4,Filli Vanilli
My Little Pony: Friendship Is Magic,Season 4,Twilight Time
My Little Pony: Friendship Is Magic,Season 4,It Ain't Easy Being Breezies
My Little Pony: Friendship Is Magic,Season 4,Somepony to Watch Over Me
My Little Pony: Friendship Is Magic,Season 4,Maud Pie
My Little Pony: Friendship Is Magic,Season 4,For Whom the Sweetie Belle Toils
My Little Pony: Friendship Is Magic,Season 4,Leap of Faith
My Little Pony: Friendship Is Magic,Season 4,"Testing Testing 1, 2, 3"
My Little Pony: Friendship Is Magic,Season 4,Trade Ya!
My Little Pony: Friendship Is Magic,Season 4,Inspiration Manifestation
My Little Pony: Friendship Is Magic,Season 4,Equestria Games
My Little Pony: Friendship Is Magic,Season 4,Twilight's Kingdom - Part 1
My Little Pony: Friendship Is Magic,Season 4,Twilight's Kingdom - Part 2
My Little Pony: Friendship Is Magic,Season 5,The Cutie Map - Part 1
My Little Pony: Friendship Is Magic,Season 5,The Cutie Map - Part 2
My Little Pony: Friendship Is Magic,Season 5,Castle Sweet Castle
My Little Pony: Friendship Is Magic,Season 5,Bloom & Gloom
My Little Pony: Friendship Is Magic,Season 5,Tanks for the Memories
My Little Pony: Friendship Is Magic,Season 5,Appleoosa's Most Wanted
My Little Pony: Friendship Is Magic,Season 5,Make New Friends but Keep Discord
My Little Pony: Friendship Is Magic,Season 5,The Lost Treasure of Griffonstone
My Little Pony: Friendship Is Magic,Season 5,Slice of Life
My Little Pony: Friendship Is Magic,Season 5,Princess Spike
My Little Pony: Friendship Is Magic,Season 5,Party Pooped
My Little Pony: Friendship Is Magic,Season 5,Amending Fences
My Little Pony: Friendship Is Magic,Season 5,Do Princesses Dream of Magic Sheep?
My Little Pony: Friendship Is Magic,Season 5,Canterlot Boutique
My Little Pony: Friendship Is Magic,Season 5,Rarity Investigates!
My Little Pony: Friendship Is Magic,Season 5,Made in Manehattan
My Little Pony: Friendship Is Magic,Season 5,Brotherhooves Social
My Little Pony: Friendship Is Magic,Season 5,Crusaders of the Lost Mark
My Little Pony: Friendship Is Magic,Season 5,The One Where Pinkie Pie Knows
My Little Pony: Friendship Is Magic,Season 5,Hearthbreakers
My Little Pony: Friendship Is Magic,Season 5,Scare Master
My Little Pony: Friendship Is Magic,Season 5,What About Discord?
My Little Pony: Friendship Is Magic,Season 5,The Hooffields and McColts
My Little Pony: Friendship Is Magic,Season 5,The Mane Attraction
My Little Pony: Friendship Is Magic,Season 5,The Cutie Re-Mark - Part 1
My Little Pony: Friendship Is Magic,Season 5,The Cutie Re-Mark - Part 2
My Little Pony: Friendship Is Magic,Season 6,The Crystalling - Part 1
My Little Pony: Friendship Is Magic,Season 6,The Crystalling - Part 2
My Little Pony: Friendship Is Magic,Season 6,The Gift of the Maud Pie
My Little Pony: Friendship Is Magic,Season 6,On Your Marks
My Little Pony: Friendship Is Magic,Season 6,Gauntlet of Fire
My Little Pony: Friendship Is Magic,Season 6,No Second Prances
My Little Pony: Friendship Is Magic,Season 6,Newbie Dash
My Little Pony: Friendship Is Magic,Season 6,A Hearth's Warming Tail
My Little Pony: Friendship Is Magic,Season 6,The Saddle Row Review
My Little Pony: Friendship Is Magic,Season 6,"Applejack's ""Day"" Off"
My Little Pony: Friendship Is Magic,Season 6,Flutter Brutter
My Little Pony: Friendship Is Magic,Season 6,Spice Up Your Life
My Little Pony: Friendship Is Magic,Season 6,Stranger Than Fan Fiction
My Little Pony: Friendship Is Magic,Season 6,The Cart Before the Ponies
My Little Pony: Friendship Is Magic,Season 6,28 Pranks Later
My Little Pony: Friendship Is Magic,Season 6,The Times They Are A Changeling
My Little Pony: Friendship Is Magic,Season 6,Dungeons & Discords
My Little Pony: Friendship Is Magic,Season 6,Buckball Season
My Little Pony: Friendship Is Magic,Season 6,The Fault in Our Cutie Marks
My Little Pony: Friendship Is Magic,Season 6,Viva Las Pegasus
My Little Pony: Friendship Is Magic,Season 6,Every Little Thing She Does
My Little Pony: Friendship Is Magic,Season 6,P.P.O.V. (Pony Point of View)
My Little Pony: Friendship Is Magic,Season 6,Where the Apple Lies
My Little Pony: Friendship Is Magic,Season 6,Top Bolt
My Little Pony: Friendship Is Magic,Season 6,To Where and Back Again - Part 1
My Little Pony: Friendship Is Magic,Season 6,To Where and Back Again - Part 2
My Little Pony: Friendship Is Magic,Season 7,Celestial Advice
My Little Pony: Friendship Is Magic,Season 7,All Bottled Up
My Little Pony: Friendship Is Magic,Season 7,A Flurry of Emotions
My Little Pony: Friendship Is Magic,Season 7,Rock Solid Friendship
My Little Pony: Friendship Is Magic,Season 7,Fluttershy Leans In
My Little Pony: Friendship Is Magic,Season 7,Forever Filly
My Little Pony: Friendship Is Magic,Season 7,Parental Glideance
My Little Pony: Friendship Is Magic,Season 7,Hard to Say Anything
My Little Pony: Friendship Is Magic,Season 7,Honest Apple
My Little Pony: Friendship Is Magic,Season 7,A Royal Problem
My Little Pony: Friendship Is Magic,Season 7,Not Asking for Trouble
My Little Pony: Friendship Is Magic,Season 7,Discordant Harmony
My Little Pony: Friendship Is Magic,Season 7,The Perfect Pear
My Little Pony: Friendship Is Magic,Season 7,Fame and Misfortune
My Little Pony: Friendship Is Magic,Season 7,Triple Threat
My Little Pony: Friendship Is Magic,Season 7,Campfire Tales
My Little Pony: Friendship Is Magic,Season 7,To Change a Changeling
My Little Pony: Friendship Is Magic,Season 7,Daring Done?
My Little Pony: Friendship Is Magic,Season 7,It Isn't the Mane Thing About You
My Little Pony: Friendship Is Magic,Season 7,A Health of Information
My Little Pony: Friendship Is Magic,Season 7,Marks and Recreation
My Little Pony: Friendship Is Magic,Season 7,Once Upon a Zeppelin
My Little Pony: Friendship Is Magic,Season 7,Secrets and Pies
My Little Pony: Friendship Is Magic,Season 7,Uncommon Bond
My Little Pony: Friendship Is Magic,Season 7,Shadow Play - Part 1
My Little Pony: Friendship Is Magic,Season 7,Shadow Play - Part 2
My Little Pony: Friendship Is Magic,Season 8,School Daze - Part 1
My Little Pony: Friendship Is Magic,Season 8,School Daze - Part 2
My Little Pony: Friendship Is Magic,Season 8,The Maud Couple
My Little Pony: Friendship Is Magic,Season 8,Fake It Til You Make It
My Little Pony: Friendship Is Magic,Season 8,Grannies Gone Wild
My Little Pony: Friendship Is Magic,Season 8,Surf and/or Turf
My Little Pony: Friendship Is Magic,Season 8,Horse Play
My Little Pony: Friendship Is Magic,Season 8,The Parent Map
My Little Pony: Friendship Is Magic,Season 8,Non-Compete Clause
My Little Pony: Friendship Is Magic,Season 8,The Break Up Break Down
My Little Pony: Friendship Is Magic,Season 8,Molt Down
My Little Pony: Friendship Is Magic,Season 8,Marks for Effort
My Little Pony: Friendship Is Magic,Season 8,The Mean 6
My Little Pony: Friendship Is Magic,Season 8,A Matter of Principals
My Little Pony: Friendship Is Magic,Season 8,The Hearth's Warming Club
My Little Pony: Friendship Is Magic,Season 8,Friendship University
My Little Pony: Friendship Is Magic,Season 8,The End in Friend
My Little Pony: Friendship Is Magic,Season 8,Yakity-Sax
My Little Pony: Friendship Is Magic,Season 8,On the Road to Friendship
My Little Pony: Friendship Is Magic,Season 8,The Washouts
My Little Pony: Friendship Is Magic,Season 8,A Rockhoof and a Hard Place
My Little Pony: Friendship Is Magic,Season 8,What Lies Beneath
My Little Pony: Friendship Is Magic,Season 8,Sounds of Silence
My Little Pony: Friendship Is Magic,Season 8,Father Knows Beast
My Little Pony: Friendship Is Magic,Season 8,School Raze - Part 1
My Little Pony: Friendship Is Magic,Season 8,School Raze - Part 2
My Little Pony: Friendship Is Magic,Season 9,The Beginning of the End - Part 1
My Little Pony: Friendship Is Magic,Season 9,The Beginning of the End - Part 2
My Little Pony: Friendship Is Magic,Season 9,Uprooted
My Little Pony: Friendship Is Magic,Season 9,Sparkle's Seven
My Little Pony: Friendship Is Magic,Season 9,The Point of No Return
My Little Pony: Friendship Is Magic,Season 9,Common Ground
My Little Pony: Friendship Is Magic,Season 9,She's All Yak
My Little Pony: Friendship Is Magic,Season 9,Frenemies
My Little Pony: Friendship Is Magic,Season 9,Sweet and Smoky
My Little Pony: Friendship Is Magic,Season 9,Going to Seed
My Little Pony: Friendship Is Magic,Season 9,Student Counsel
My Little Pony: Friendship Is Magic,Season 9,The Last Crusade
My Little Pony: Friendship Is Magic,Season 9,Between Dark and Dawn
My Little Pony: Friendship Is Magic,Season 9,The Last Laugh
My Little Pony: Friendship Is Magic,Season 9,"2, 4, 6, Greaaat"
My Little Pony: Friendship Is Magic,Season 9,A Trivial Pursuit
My Little Pony: Friendship Is Magic,Season 9,The Summer Sun Setback
My Little Pony: Friendship Is Magic,Season 9,She Talks to Angel
My Little Pony: Friendship Is Magic,Season 9,Dragon Dropped
My Little Pony: Friendship Is Magic,Season 9,A Horse Shoe-In
My Little Pony: Friendship Is Magic,Season 9,Daring Doubt
My Little Pony: Friendship Is Magic,Season 9,Growing Up is Hard to Do
My Little Pony: Friendship Is Magic,Season 9,The Big Mac Question
My Little Pony: Friendship Is Magic,Season 9,The Ending of the End - Part 1
My Little Pony: Friendship Is Magic,Season 9,The Ending of the End - Part 2
My Little Pony: Friendship Is Magic,Season 9,The Last Problem